10;KOBIETA;
11;UBRANIA;10
12;Bestsellery;11
13;YFL;11
14;Kurtki, płaszcze, bomberki;11
15;Sukienki, kombinezony;11
16;Swetry, kardigany;11
17;T-shirty;11
18;Koszule;11
19;Bluzki;11
20;Topy, body;11
21;Spodnie;11
22;Marynarki;11
23;Jeansy;11
24;Denim;11
25;Spódnice;11
26;Bluzy;11
27;Piżamy, koszule nocne;11
28;Bielizna;11
29;BUTY;10
30;Wszystkie;29
31;Botki, kozaki;29
32;Na wysokim obcasie;29
33;Na niskim i średnim obcasie;29
34;Na płaskiej podeszwie;29
35;Skórzane;29
36;Czółenka;29
37;Sportowe;29
38;Tylko online;29
39;AKCESORIA;10
40;Torby, plecaki;39
41;Biżuteria;39
42;Ozdoby do włosów;39
43;Szale, apaszki;39
44;Czapki, kapelusze;39
45;Rękawiczki;39
46;Paski;39
47;Skarpetki, kapcie;39
48;Okulary przeciwsłoneczne;39
49;Portfele i gadżety;39
50;MĘŻCZYZNA;
51;UBRANIA;50
52;Bestsellery;51
53;Kurtki, płaszcze;51
54;Swetry;51
55;T-shirty;51
56;Spodnie;51
57;Koszule;51
58;Polo;51
59;Marynarki;51
60;Jeansy;51
61;Garnitury;51
62;Bluzy;51
63;Szorty;51
64;Piżamy;51
65;Bielizna;51
66;AKCESORIA;50
67;Buty;66
68;Torby;66
69;Skarpety;66
70;Szaliki;66
71;Czapki, kapelusze;66
72;Rękawiczki;66
73;Paski;66
74;Dodatki;66